{
  "ablation": {
    "full": {
      "CRPS": 1.161193,
      "DE": 0.063389,
      "MCE": 0.0,
      "NVR": 0.0,
      "PSNR": 26.543271,
      "SSIM": 0.911977
    },
    "no_div": {
      "CRPS": 1.14614,
      "DE": 0.064865,
      "MCE": 0.0,
      "NVR": 0.0,
      "PSNR": 26.579526,
      "SSIM": 0.911596
    },
    "no_mass": {
      "CRPS": 1.16616,
      "DE": 0.063933,
      "MCE": 0.0,
      "NVR": 0.0,
      "PSNR": 26.503412,
      "SSIM": 0.915267
    },
    "no_nn": {
      "CRPS": 1.15996,
      "DE": 0.064414,
      "MCE": 0.0,
      "NVR": 0.0,
      "PSNR": 26.546901,
      "SSIM": 0.913341
    },
    "rf_base": {
      "CRPS": 1.185827,
      "DE": 0.064278,
      "MCE": 0.0,
      "NVR": 0.0,
      "PSNR": 26.39523,
      "SSIM": 0.912653
    }
  },
  "era5": {
    "PC-RF": {
      "CRPS": 1.149133,
      "DE": 0.064366,
      "MCE": 0.0,
      "NVR": 0.0,
      "PSNR": 26.593957,
      "SSIM": 0.91368
    },
    "RF-base": {
      "CRPS": 1.188181,
      "DE": 0.064272,
      "MCE": 0.0,
      "NVR": 0.0,
      "PSNR": 26.389656,
      "SSIM": 0.91241
    }
  }
}